{
  "width": 8,
  "height": 14,
  "rare_items": [],
  "goal-condition": {"goal": "experience", "quantity": 300},
  "entities": [
    {"x": 0, "y": 0, "type": "hero_castle"}
  ],
  "path": {
    "type": "path_tile",
    "x": 0, "y": 0,
    "path": [
      "RIGHT", "RIGHT", "DOWN", "RIGHT", "RIGHT", "UP", "RIGHT", "RIGHT", "RIGHT",
      "DOWN", "DOWN", "DOWN", "DOWN", "DOWN", "DOWN", "DOWN", "DOWN", "DOWN",
      "LEFT", "LEFT", "LEFT", "UP", "UP", "RIGHT",
      "UP", "UP", "UP", "UP", "LEFT", "LEFT", "LEFT",
      "DOWN", "DOWN", "DOWN", "DOWN", "DOWN", "DOWN", "DOWN", "DOWN",
      "RIGHT", "RIGHT", "RIGHT", "RIGHT", "RIGHT", "DOWN", "DOWN",
      "LEFT", "LEFT", "LEFT", "LEFT", "LEFT", "LEFT", "LEFT",
      "UP", "UP", "UP", "UP", "UP", "UP", "UP", "UP", "UP", "UP", "UP", "UP", "UP"
    ]
  }
}
